image_url,name_de,g_index,g_load,name_ru,name_en
https://glycemic-index.net/images/ahwW0uM2TL_small.webp,"Acerola, Barbados Cherry (frisch)",20,0.1,"Ацерола, Барбадосская вишня (свежая)","Acerola, Barbados Cherry (fresh)"
https://glycemic-index.net/images/3CjoGLpDIo_small.webp,Agavendicksaft),15,11.4,"Сироп агавы","Agave syrup"
https://glycemic-index.net/images/siKCB3r6Mn_small.webp,Ahornsirup,55,36.9,"Кленовый сироп","Maple syrup"
https://glycemic-index.net/images/Q3vMG1G5AY_small.webp,Amaranth-Samen (nicht zubereitet),35,19.9,"Семена амаранта (неприготовленные)","Amaranth seeds (uncooked)"
https://glycemic-index.net/images/hnzha4PdAG_small.webp,Ananassaft (ungesüßt),50,6.8,"Ананасовый сок (без сахара)","Pineapple juice (unsweetened)"
https://glycemic-index.net/images/RlpJpCHZ8S_small.webp,Ananassaft (zuckerfrei),50,6.4,"Ананасовый сок (без сахара)","Pineapple juice (sugar-free)"
https://glycemic-index.net/images/4dG70P8zfH_small.webp,Apfelmus (ungesüßt),35,4.0,"Яблочное пюре (без сахара)","Apple sauce (unsweetened)"
https://glycemic-index.net/images/cCXy8qeuwb_small.webp,Apfelsaft,41,4.5,"Яблочный сок","Apple juice"
https://glycemic-index.net/images/Ijd1kHiuj4_small.webp,Apfelsaft (ungesüßt),40,4.9,"Яблочный сок (без сахара)","Apple juice (unsweetened)"
https://glycemic-index.net/images/ogjwI69crE_small.webp,Apfelsaft (zuckerfrei),50,5.7,"Яблочный сок (без сахара)","Apple juice (sugar-free)"
https://glycemic-index.net/images/BFIlOPnZz4_small.webp,Apfelwein (brut),40,0.0,"Яблочное вино (брют)","Apple wine (brut)"
https://glycemic-index.net/images/fRjqU7PTwF_small.webp,Aprikose,34,3.8,"Абрикос","Apricot"
https://glycemic-index.net/images/1d4bn58WAS_small.webp,Artischocke,20,1.2,"Артишок","Artichoke"
https://glycemic-index.net/images/O6NyLgxze9_small.webp,Aubergine,20,1.7,"Баклажан","Eggplant"
https://glycemic-index.net/images/tRgdkRxZGX_small.webp,Auberginenkaviar,40,5.3,"Баклажанная икра","Eggplant caviar"
https://glycemic-index.net/images/8peopoG2xe_small.webp,Avocado,10,0.9,"Авокадо","Avocado"
https://glycemic-index.net/images/iNGuJRk9Dz_small.webp,Azuki-Bohnen,35,22.0,"Бобы адзуки","Azuki beans"
https://glycemic-index.net/images/2IvNNiERsz_small.webp,Balsamico Essig,5,2.8,"Бальзамический уксус","Balsamic vinegar"
https://glycemic-index.net/images/9Z0EIjkt2b_small.webp,Bambussprossen,20,1.0,"Побеги бамбука","Bamboo shoots"
https://glycemic-index.net/images/yDbX2xGsd8_small.webp,Banane,48,10.1,"Банан","Banana"
https://glycemic-index.net/images/OHYOEJA4T3_small.webp,Bananen (getrocknet),48,42.4,"Бананы (сушеные)","Bananas (dried)"
https://glycemic-index.net/images/GFjQzLnAXd_small.webp,Bananenkuchen,47,17.1,"Банановый торт","Banana cake"
https://glycemic-index.net/images/2WVqoUvNGi_small.webp,Basilikum,5,0.1,"Базилик","Basil"
https://glycemic-index.net/images/vTHpg7HtmV_small.webp,Basmati-Reis,50,37.5,"Рис басмати","Basmati rice"
https://glycemic-index.net/images/TGY0LIR1Re_small.webp,Birne (frisches Obst),30,4.7,"Груша (свежий фрукт)","Pear (fresh fruit)"
https://glycemic-index.net/images/jNPZAM6f5s_small.webp,Birnen (getrocknet),43,26.9,"Груши (сушеные)","Pears (dried)"
https://glycemic-index.net/images/GGH43X4dE9_small.webp,Birnensaft,50,5.5,"Грушевый сок","Pear juice"
https://glycemic-index.net/images/4Wfxb8Baom_small.webp,Blaubeere,25,2.0,"Черника","Blueberry"
https://glycemic-index.net/images/Ub9RWxuI2j_small.webp,Blaubeeren,53,4.0,"Черника","Blueberries"
https://glycemic-index.net/images/BXiDyNCRUt_small.webp,Blumenkohl,15,0.8,"Цветная капуста","Cauliflower"
https://glycemic-index.net/images/5GaqMbIM19_small.webp,Blumenkohl (frisch),15,0.8,"Цветная капуста (свежая)","Cauliflower (fresh)"
https://glycemic-index.net/images/NOL4NTt5Ht_small.webp,Bohnen (frisch),35,5.9,"Бобы (свежие)","Beans (fresh)"
https://glycemic-index.net/images/kzaieCQPk6_small.webp,Bohnen (frisch),30,1.1,"Бобы (свежие)","Beans (fresh)"
https://glycemic-index.net/images/3qGP0gXQWj_small.webp,"Bohnen, fava (roh)",40,7.2,"Бобы фава (сырые)","Fava beans (raw)"
https://glycemic-index.net/images/UWWlVUhauQ_small.webp,Brauhefe,35,0.0,"Пивные дрожжи","Brewer's yeast"
https://glycemic-index.net/images/fMDfbP6BQP_small.webp,Brokkoli,15,0.5,"Брокколи","Broccoli"
https://glycemic-index.net/images/qidwzyYaKm_small.webp,Brokkoli (gekocht),45,3.1,"Брокколи (приготовленный)","Broccoli (cooked)"
https://glycemic-index.net/images/uFnPRneSNu_small.webp,Brombeere (frische Beere),25,2.5,"Ежевика (свежая ягода)","Blackberry (fresh berry)"
https://glycemic-index.net/images/ZSAs6KPWMg_small.webp,Brot (Haferflocken),47,19.2,"Хлеб (овсяные хлопья)","Bread (oat flakes)"
https://glycemic-index.net/images/S11NMCJpiu_small.webp,Brühwurst,34,9.5,"Вареная колбаса","Boiled sausage"
https://glycemic-index.net/images/asgQJCHvub_small.webp,Buchweizen,50,22.0,"Гречка","Buckwheat"
https://glycemic-index.net/images/z5MVnDf3oY_small.webp,Buchweizen-Pfannkuchen,40,3.6,"Гречневые блины","Buckwheat pancakes"
https://glycemic-index.net/images/hHvoLuPaKi_small.webp,Buchweizenbrei,40,12.4,"Гречневая каша","Buckwheat porridge"
https://glycemic-index.net/images/8zyVhyjhKg_small.webp,Buchweizenbrot,50,22.9,"Гречневый хлеб","Buckwheat bread"
https://glycemic-index.net/images/lxfnzM12V1_small.webp,Buchweizenmehl,40,28.2,"Гречневая мука","Buckwheat flour"
https://glycemic-index.net/images/qinE6yDVOw_small.webp,Buchweizennudeln,40,28.4,"Гречневая лапша","Buckwheat noodles"
https://glycemic-index.net/images/shRSHi3r4k_small.webp,Bulgur,55,41.8,"Булгур","Bulgur"
https://glycemic-index.net/images/XVpup0JEP8_small.webp,"Bunte Bohnen, Borlotti, römische Bohnen",35,12.4,"Пестрые бобы, Борлотти, римские бобы","Colorful beans, Borlotti, Roman beans"
https://glycemic-index.net/images/H7tLEOzAG6_small.webp,Butter,0,0.0,"Масло","Butter"
https://glycemic-index.net/images/EPkvSYaRdq_small.webp,Butter (fettreich),14,0.1,"Масло (жирное)","Butter (high fat)"
https://glycemic-index.net/images/22Qww81qoh_small.webp,"Butterkekse (Mehl, Butter, Zucker)",55,29.1,"Песочное печенье (мука, масло, сахар)","Shortbread cookies (flour, butter, sugar)"
https://glycemic-index.net/images/rfxf2bRoQD_small.webp,Capellini (Nudeln),45,32.9,"Капеллини (лапша)","Capellini (pasta)"
https://glycemic-index.net/images/a3DIxo8sCL_small.webp,Cashewnüsse,15,4.5,"Кешью","Cashew nuts"
https://glycemic-index.net/images/2v8yfZAKst_small.webp,Cashewnüsse,25,3.1,"Кешью","Cashew nuts"
https://glycemic-index.net/images/UGJmAwsX1B_small.webp,Cashewnüsse (gesalzen),22,6.6,"Кешью (соленые)","Cashew nuts (salted)"
https://glycemic-index.net/images/3VGiVVttVV_small.webp,"Cassava (bitter, süß)",55,20.9,"Кассава (горькая, сладкая)","Cassava (bitter, sweet)"
https://glycemic-index.net/images/E6v98RdRa2_small.webp,"Chayote (mexikanische Gurke), daraus püriert",50,2.3,"Чайот (мексиканский огурец), пюре из него","Chayote (Mexican cucumber), pureed from it"
https://glycemic-index.net/images/C4yjqAoOmL_small.webp,Cheddar,0,0.0,"Чеддер","Cheddar"
https://glycemic-index.net/images/udYCjL4S7S_small.webp,Chees Feta,30,1.2,"Сыр Фета","Feta cheese"
https://glycemic-index.net/images/nF7TO1Z5o1_small.webp,Chia Samen (Getrocknet),30,12.6,"Семена чиа (сушеные)","Chia seeds (dried)"
https://glycemic-index.net/images/o3Z7xR6qlL_small.webp,Chicoree,15,0.6,"Цикорий","Chicory"
https://glycemic-index.net/images/DW03Fa2ZQm_small.webp,Chicorée (Getränk),40,1.1,"Цикорий (напиток)","Chicory (drink)"
https://glycemic-index.net/images/tX5XQYK8of_small.webp,Chicorée-Sirup,55,5.2,"Сироп цикория","Chicory syrup"
https://glycemic-index.net/images/4VneAgHNVe_small.webp,Chili,15,1.4,"Чили","Chili"
https://glycemic-index.net/images/t39CrMsGgS_small.webp,Chilli Green (Frisch),15,1.2,"Зеленый перец чили (свежий)","Green chili (fresh)"
https://glycemic-index.net/images/VUagXuBV2g_small.webp,Chinakohl,20,0.4,"Пекинская капуста","Chinese cabbage"
https://glycemic-index.net/images/n3VSoZjnD1_small.webp,Cranberries (frisch),45,5.5,"Клюква (свежая)","Cranberries (fresh)"
https://glycemic-index.net/images/8J3UabrTAD_small.webp,Cranberry-Saft (ungesüßt),50,7.3,"Клюквенный сок (без сахара)","Cranberry juice (unsweetened)"
https://glycemic-index.net/images/GU9OblLc1E_small.webp,Cranberrysaft (zuckerfrei),50,7.3,"Клюквенный сок (без сахара)","Cranberry juice (sugar-free)"
https://glycemic-index.net/images/EhBFZk8Hlz_small.webp,Dessert Banane (grün),45,15.7,"Десертный банан (зеленый)","Dessert banana (green)"
https://glycemic-index.net/images/16zs9SQ6vK_small.webp,Dill (frisch),25,1.6,"Укроп (свежий)","Dill (fresh)"
https://glycemic-index.net/images/YclX8r4xmD_small.webp,Dillgurken,15,0.2,"Соленые огурцы с укропом","Dill pickles"
https://glycemic-index.net/images/Ed6saYe0JG_small.webp,Dinkelmehl,45,30.5,"Полбяная мука","Spelt flour"
https://glycemic-index.net/images/radHsUC6ox_small.webp,Dinkelweizen,40,24.5,"Полба","Spelt wheat"
https://glycemic-index.net/images/iISrbxAGPy_small.webp,Dunkle Schokolade,23,13.8,"Темный шоколад","Dark chocolate"
https://glycemic-index.net/images/jN3gGbLdow_small.webp,Dunkle Schokolade (mit 85% Kakaoanteil),20,9.6,"Темный шоколад (с 85% содержанием какао)","Dark chocolate (with 85% cocoa content)"
https://glycemic-index.net/images/Co6g9cJUJe_small.webp,Ei,0,0.0,"Яйцо","Egg"
https://glycemic-index.net/images/Yzd4f48rU6_small.webp,Eicheln,25,10.3,"Желуди","Acorns"
https://glycemic-index.net/images/1My2o1LNDj_small.webp,Eingemachte Birnen,55,8.6,"Консервированные груши","Canned pears"
https://glycemic-index.net/images/zkM0leMEMd_small.webp,Eis (mit Fruchtzucker),35,9.4,"Мороженое (с фруктозой)","Ice cream (with fructose)"
https://glycemic-index.net/images/AlJGzrxGsh_small.webp,"Eis (überfliegen, Vanille)",46,13.8,"Мороженое (мягкое, ванильное)","Ice cream (soft, vanilla)"
https://glycemic-index.net/images/3BfFy2I8w4_small.webp,Endivie,15,0.0,"Эндивий","Endive"
https://glycemic-index.net/images/u0pv5dl9HV_small.webp,Energieriegel (zuckerfrei),50,23.4,"Энергетический батончик (без сахара)","Energy bar (sugar-free)"
https://glycemic-index.net/images/tJsgZubgWS_small.webp,Ente,0,0.0,"Утка","Duck"
https://glycemic-index.net/images/s26xcrXfGj_small.webp,Entenbraten,0,0.0,"Утиная грудка","Duck breast"
https://glycemic-index.net/images/jZhGZm8sSr_small.webp,"Erbsen (gefroren, gekocht)",51,4.6,"Горох (замороженный, приготовленный)","Peas (frozen, cooked)"
https://glycemic-index.net/images/UoJB6GDycG_small.webp,"Erbsen (grün, frisch)",35,4.5,"Горох (зеленый, свежий)","Peas (green, fresh)"
https://glycemic-index.net/images/zPwGSLiB7f_small.webp,Erdbeeren (frische Beeren),25,1.9,"Клубника (свежие ягоды)","Strawberries (fresh berries)"
https://glycemic-index.net/images/tBcW0FpBTy_small.webp,Erdbeermarmelade (zuckerarm),51,31.1,"Клубничное варенье (с низким содержанием сахара)","Strawberry jam (low sugar)"
https://glycemic-index.net/images/5Bf7uGS5ZU_small.webp,Erdnuss,15,2.4,"Арахис","Peanut"
https://glycemic-index.net/images/BeyQwLvYFp_small.webp,Erdnussbutter (zuckerfrei),25,7.0,"Арахисовое масло (без сахара)","Peanut butter (sugar-free)"
https://glycemic-index.net/images/VropOmUwsq_small.webp,Erdnussöl (zuckerfrei),40,8.6,"Арахисовое масло (без сахара)","Peanut oil (sugar-free)"
https://glycemic-index.net/images/7ZMJqVeBaK_small.webp,Erdnüsse (trocken geröstet),15,2.3,"Арахис (сухой обжаренный)","Peanuts (dry roasted)"
https://glycemic-index.net/images/mqoOkISkYA_small.webp,Essig,15,0.0,"Уксус","Vinegar"
https://glycemic-index.net/images/8RrmKbrgkU_small.webp,"Falafel (aus Bohnen, Fava)",40,8.4,"Фалафель (из бобов фава)","Falafel (from fava beans)"
https://glycemic-index.net/images/ghAX6A7H9R_small.webp,Feige (frisch),35,6.7,"Инжир (свежий)","Fig (fresh)"
https://glycemic-index.net/images/T8IdV1NjmL_small.webp,Feige (getrocknet),50,28.9,"Инжир (сушеный)","Fig (dried)"
https://glycemic-index.net/images/OCIE8nECrF_small.webp,Fenchel,15,1.1,"Фенхель","Fennel"
https://glycemic-index.net/images/aDGqhQgmvn_small.webp,Fett (tierisch / pflanzlich),0,0.0,"Жир (животный/растительный)","Fat (animal/vegetable)"
https://glycemic-index.net/images/9zSBsFlTI5_small.webp,Fettarmer Hüttenkäse,30,0.3,"Обезжиренный творог","Low-fat cottage cheese"
https://glycemic-index.net/images/ZKDtpmsLT6_small.webp,Fettes Schweinefleisch,0,0.0,"Жирная свинина","Fatty pork"
https://glycemic-index.net/images/Xm4emNKUan_small.webp,Fettfreier Joghurt,33,2.5,"Обезжиренный йогурт","Fat-free yogurt"
https://glycemic-index.net/images/8dFVgZScWL_small.webp,Fettuccine,32,21.6,"Феттучине","Fettuccine"
https://glycemic-index.net/images/5Ee9CIXd7j_small.webp,"Fisch (Lachs, Thunfisch usw,)",0,0.0,"Рыба (лосось, тунец и т.д.)","Fish (salmon, tuna, etc.)"
https://glycemic-index.net/images/1jKUr7fk7J_small.webp,"Foie Gras, Gänseleberpaste (Dosen)",0,0.0,"Фуа-гра, паштет из гусиной печени (консервированный)","Foie gras, goose liver pate (canned)"
https://glycemic-index.net/images/py0XoQUeh7_small.webp,Frischer Mais,35,1.8,"Свежая кукуруза","Fresh corn"
https://glycemic-index.net/images/8Q8Ns6DtTK_small.webp,Frittiertes Schweinefleisch,0,0.0,"Жареная свинина","Fried pork"
https://glycemic-index.net/images/yVMCG2tVNR_small.webp,Fruchtjoghurt,52,1.5,"Фруктовый йогурт","Fruit yogurt"
https://glycemic-index.net/images/CuJcPbSvDE_small.webp,Fruchtzucker,20,20.0,"Фруктоза","Fructose"
https://glycemic-index.net/images/MMG1jO7NNO_small.webp,Gans,0,0.0,"Гусь","Goose"
https://glycemic-index.net/images/YjqRtunCMx_small.webp,Gegrilltes Schwein,0,0.0,"Жареная свинина","Grilled pork"
https://glycemic-index.net/images/Eh7uL13iuv_small.webp,Gekeimtes Brot,35,12.7,"Пророщенный хлеб","Sprouted bread"
https://glycemic-index.net/images/I34w0gvAat_small.webp,Gekochte Hähnchenbrust,0,0.0,"Вареная куриная грудка","Cooked chicken breast"
https://glycemic-index.net/images/mga9g33N84_small.webp,Gekochte Rinderzunge,0,0.0,"Вареный говяжий язык","Cooked beef tongue"
https://glycemic-index.net/images/Wso4P4c6aK_small.webp,Gekochtes Kalbfleisch,0,0.0,"Вареная телятина","Cooked veal"
https://glycemic-index.net/images/msynRArbnh_small.webp,Gekochtes Lamm,0,0.0,"Вареная баранина","Cooked lamb"
https://glycemic-index.net/images/20C3k0VHNM_small.webp,Gekochtes mageres Rindfleisch,0,0.0,"Вареная постная говядина","Cooked lean beef"
https://glycemic-index.net/images/eWXFG8m9G1_small.webp,Gelbe Stachelbeere,15,1.8,"Желтый крыжовник","Yellow gooseberry"
https://glycemic-index.net/images/BnLXunwqNn_small.webp,Gemüsesuppe,40,2.5,"Овощной суп","Vegetable soup"
https://glycemic-index.net/images/o29czTTbZ5_small.webp,Gerstengrütze,25,15.8,"Ячневая крупа","Barley groats"
https://glycemic-index.net/images/97NoJQlzNb_small.webp,Gerstenmehl,30,16.8,"Ячменная мука","Barley flour"
https://glycemic-index.net/images/mn2tuUjdju_small.webp,Geschmorter Blumenkohl,15,0.0,"Тушеная цветная капуста","Braised cauliflower"
https://glycemic-index.net/images/4m8CUwhVPU_small.webp,Geschälte Erbsen (frisch),25,15.0,"Очищенный горох (свежий)","Shelled peas (fresh)"
https://glycemic-index.net/images/askH6YJR1n_small.webp,"Getreide, ganz (zuckerfrei)",45,27.3,"Зерновые, цельные (без сахара)","Cereal, whole (sugar-free)"
https://glycemic-index.net/images/ANl1jITFeH_small.webp,Getrocknete Aprikosen,35,21.2,"Сушеные абрикосы","Dried apricots"
https://glycemic-index.net/images/Q5NlMNC7lA_small.webp,Getrocknete Datteln,40,27.7,"Сушеные финики","Dried dates"
https://glycemic-index.net/images/ELjBBC6wWT_small.webp,Getrocknete Pfirsiche,35,20.2,"Сушеные персики","Dried peaches"
https://glycemic-index.net/images/zxDSMNIdvK_small.webp,Getrocknete Äpfel,35,20.6,"Сушеные яблоки","Dried apples"
https://glycemic-index.net/images/wmZALpAVw9_small.webp,Gewürze (Zimt),5,4.0,"Пряности (корица)","Spices (cinnamon)"
https://glycemic-index.net/images/SmXzPntdLT_small.webp,Gewürzgurken,15,0.7,"Соленые огурцы","Pickles"
https://glycemic-index.net/images/fafVAim2rr_small.webp,Goji-Beeren,25,13.3,"Ягоды годжи","Goji berries"
https://glycemic-index.net/images/1V0htLKAiH_small.webp,Granatapfel (frisch),35,6.7,"Гранат (свежий)","Pomegranate (fresh)"
https://glycemic-index.net/images/vO9sNEvk4b_small.webp,Grapefruit,22,2.4,"Грейпфрут","Grapefruit"
https://glycemic-index.net/images/nXPG3NCDo1_small.webp,Grapefruitsaft (ungesüßt),45,2.7,"Грейпфрутовый сок (без сахара)","Grapefruit juice (unsweetened)"
https://glycemic-index.net/images/dAshbdMr11_small.webp,Grapefruitsaft (zuckerfrei),45,4.5,"Грейпфрутовый сок (без сахара)","Grapefruit juice (sugar-free)"
https://glycemic-index.net/images/frINSFa2su_small.webp,Grüne Bohnen,30,2.1,"Зеленая фасоль","Green beans"
https://glycemic-index.net/images/bt6I8gyJUh_small.webp,Grüne Erbsen (Dosen),45,2.9,"Зеленый горошек (консервированный)","Green peas (canned)"
https://glycemic-index.net/images/6g6V6jiRSm_small.webp,Grüne erbsen,15,1.5,"Зеленый горошек","Green peas"
https://glycemic-index.net/images/kd69Bb6D5J_small.webp,Grüner Apfel,36,5.0,"Зеленое яблоко","Green apple"
https://glycemic-index.net/images/pmv9PBdU3P_small.webp,Gurke,15,0.4,"Огурец","Cucumber"
https://glycemic-index.net/images/YAqLKf66dx_small.webp,Gänseschmalz,0,0.0,"Гусиный жир","Goose fat"
https://glycemic-index.net/images/qb6MFYGIad_small.webp,Haferflocken Kekse,55,39.5,"Овсяное печенье","Oatmeal cookies"
https://glycemic-index.net/images/8bxS3HnzAi_small.webp,Hafermehl,25,3.0,"Овсяная мука","Oat flour"
https://glycemic-index.net/images/yVd2cD06HM_small.webp,Hafermilch (roh),69,3.5,"Овсяное молоко (сырое)","Oat milk (raw)"
https://glycemic-index.net/images/9TdbcFeilp_small.webp,Hammelfleisch,0,0.0,"Баранина","Lamb meat"
https://glycemic-index.net/images/59filN6ayf_small.webp,Hanfsamen (geschält),4,0.3,"Семена конопли (очищенные)","Hemp seeds (shelled)"
https://glycemic-index.net/images/WPbbnZFwHN_small.webp,Hartweizen-Fadennudeln,35,8.1,"Лапша из твердых сортов пшеницы","Durum wheat noodles"
https://glycemic-index.net/images/vCSPJ2qFU8_small.webp,Hase,0,0.0,"Заяц","Hare"
https://glycemic-index.net/images/EUhOCK64Jt_small.webp,Haselnuss,15,2.5,"Фундук","Hazelnut"
https://glycemic-index.net/images/5HlEsGXbZy_small.webp,Haselnüsse,25,2.5,"Фундук","Hazelnuts"
https://glycemic-index.net/images/PGYLuj6x4b_small.webp,Hefe,35,6.3,"Дрожжи","Yeast"
https://glycemic-index.net/images/Zimblthphp_small.webp,Himbeeren (frische Beeren),25,3.0,"Малина (свежие ягоды)","Raspberries (fresh berries)"
https://glycemic-index.net/images/wtk1W7DJKe_small.webp,Huhn (gebraten),0,0.0,"Курица (жареная)","Chicken (fried)"
https://glycemic-index.net/images/07ZjvSLATp_small.webp,Hummus,25,3.5,"Хумус","Hummus"
https://glycemic-index.net/images/uuThVgsavn_small.webp,Hähnchen,0,0.0,"Цыпленок","Chicken"
https://glycemic-index.net/images/fpOsrGKd6m_small.webp,Hühner,0,0.0,"Куры","Chickens"
https://glycemic-index.net/images/XtnY8OGuQN_small.webp,Hüttenkäse,30,0.8,"Творог","Cottage cheese"
https://glycemic-index.net/images/cYOHYZr595_small.webp,Hüttenkäse 9% Fett,30,2.7,"Творог 9% жирности","Cottage cheese 9% fat"
https://glycemic-index.net/images/6oFpcMxZOK_small.webp,In Büchsen konservierte Pampelmuse,47,4.3,"Консервированный помело","Canned pomelo"
https://glycemic-index.net/images/Aybau6SglC_small.webp,Ingwer,15,0.6,"Имбирь","Ginger"
https://glycemic-index.net/images/4o2BtUXloN_small.webp,Instant-Nudeln,52,29.5,"Лапша быстрого приготовления","Instant noodles"
https://glycemic-index.net/images/YRbyiua0Bd_small.webp,Joghurt,35,1.6,"Йогурт","Yogurt"
https://glycemic-index.net/images/hDoXco0kcA_small.webp,Joghurt,32,1.3,"Йогурт","Yogurt"
https://glycemic-index.net/images/XAZ2vcWeHu_small.webp,"Joghurt 1,5% natürlich",35,0.5,"Йогурт 1,5% натуральный","Yogurt 1.5% natural"
https://glycemic-index.net/images/et3z2A8sk9_small.webp,Johannisbrot (Johannisbrotpulver),15,11.7,"Рожковое дерево (порошок рожкового дерева)","Carob (carob powder)"
https://glycemic-index.net/images/LzQyrmCG7E_small.webp,Kaffeebohnen,50,0.1,"Кофейные зерна","Coffee beans"
https://glycemic-index.net/images/EPFFETc4I8_small.webp,Kakaopulver (zuckerfrei),20,4.4,"Какао-порошок (без сахара)","Cocoa powder (sugar-free)"
https://glycemic-index.net/images/HQboT3bWj4_small.webp,Kaktusfeige (frisches Obst),35,3.4,"Опунция (свежий фрукт)","Prickly pear (fresh fruit)"
https://glycemic-index.net/images/tEvHzRjor1_small.webp,Kalbfleisch,0,0.0,"Телятина","Veal"
https://glycemic-index.net/images/FinJe0M2Mt_small.webp,Kamut Mehl,45,32.4,"Мука Камут","Kamut flour"
https://glycemic-index.net/images/aeu1pyoZ3V_small.webp,"Kamut, ägyptischer Weizen (gekocht)",40,25.4,"Камут, египетская пшеница (приготовленная)","Kamut, Egyptian wheat (cooked)"
https://glycemic-index.net/images/1GC5QzO7Qq_small.webp,Kaninchen (gebraten),0,0.0,"Кролик (жареный)","Rabbit (fried)"
https://glycemic-index.net/images/uZn1Sderew_small.webp,Kapern,20,0.8,"Каперсы","Capers"
https://glycemic-index.net/images/9hGtLEN3gE_small.webp,Karotte (frisch),30,2.0,"Морковь (свежая)","Carrot (fresh)"
https://glycemic-index.net/images/5eqrtNS5W6_small.webp,Karottensaft (ungesüßt),40,2.6,"Морковный сок (без сахара)","Carrot juice (unsweetened)"
https://glycemic-index.net/images/dN6YyIuKrg_small.webp,Kefir (1% Fett),31,1.2,"Кефир (1% жирности)","Kefir (1% fat)"
https://glycemic-index.net/images/p07aOhgLuj_small.webp,Kefir (regelmäßig),36,1.4,"Кефир (обычный)","Kefir (regular)"
https://glycemic-index.net/images/e36KenT2Zb_small.webp,Kefir fettarm,25,0.0,"Кефир обезжиренный","Kefir low-fat"
https://glycemic-index.net/images/R4TGIv63PA_small.webp,"Kekse (Vollkornmehl, zuckerfrei)",50,23.4,"Печенье (цельнозерновая мука, без сахара)","Cookies (whole grain flour, sugar-free)"
https://glycemic-index.net/images/xhMk9fovjP_small.webp,Ketchup,55,14.0,"Кетчуп","Ketchup"
https://glycemic-index.net/images/bgFgOouWA1_small.webp,Kichererbsen,10,6.1,"Нут","Chickpeas"
https://glycemic-index.net/images/hhUQfh5tMI_small.webp,Kichererbsen (in Dosen),35,6.8,"Нут (консервированный)","Chickpeas (canned)"
https://glycemic-index.net/images/AskNEu0ekW_small.webp,Kichererbsenmehl,35,23.1,"Нутовая мука","Chickpea flour"
https://glycemic-index.net/images/IlKOmNKIGc_small.webp,"Kirsche (süß, frisch)",25,4.0,"Вишня (сладкая, свежая)","Cherry (sweet, fresh)"
https://glycemic-index.net/images/8arwEOh4Au_small.webp,Kirschpflaume,25,0.0,"Алыча","Cherry plum"
https://glycemic-index.net/images/r9UtL7fFlV_small.webp,Kiwi,50,7.3,"Киви","Kiwi"
https://glycemic-index.net/images/TJEUOQfyyD_small.webp,"Kleie (Weizen, Hafer)",15,6.8,"Отруби (пшеничные, овсяные)","Bran (wheat, oat)"
https://glycemic-index.net/images/ARcldg6P48_small.webp,Knoblauch,30,9.0,"Чеснок","Garlic"
https://glycemic-index.net/images/nvHQxqAQh5_small.webp,Kohlrabi,20,2.1,"Кольраби","Kohlrabi"
https://glycemic-index.net/images/INdRQJZ70t_small.webp,Kokosmilch,40,1.1,"Кокосовое молоко","Coconut milk"
https://glycemic-index.net/images/ex1paVt9fa_small.webp,Kokosmilch (roh),40,1.1,"Кокосовое молоко (сырое)","Coconut milk (raw)"
https://glycemic-index.net/images/Kcyxa6Rz3Y_small.webp,Kokosnuss,45,0.8,"Кокос","Coconut"
https://glycemic-index.net/images/yke7maslEy_small.webp,Kokosnusszucker,35,1.8,"Кокосовый сахар","Coconut sugar"
https://glycemic-index.net/images/4cXd3FsCC5_small.webp,"Krebstiere (Hummer, Krabben, Langusten)",5,0.1,"Ракообразные (омар, крабы, лангусты)","Crustaceans (lobster, crabs, langoustines)"
https://glycemic-index.net/images/7cLfkoPVus_small.webp,"Käse (Mozzarella, gepresster Hüttenkäse usw,)",0,0.0,"Сыр (Моцарелла, прессованный творог и т.д.)","Cheese (Mozzarella, pressed cottage cheese, etc.)"
https://glycemic-index.net/images/I0UK8rL0CA_small.webp,Körner (gekeimt),15,6.2,"Зерна (пророщенные)","Grains (sprouted)"
https://glycemic-index.net/images/sJIMOFCIts_small.webp,Kümmel,5,0.6,"Тмин","Caraway"
https://glycemic-index.net/images/aJjN45zUYU_small.webp,Kürbisbrot,40,17.0,"Тыквенный хлеб","Pumpkin bread"
https://glycemic-index.net/images/x1IPEqhWxo_small.webp,Lasagne,47,7.0,"Лазанья","Lasagna"
https://glycemic-index.net/images/yF5FDesw2z_small.webp,Lauch,15,1.2,"Лук-порей","Leek"
https://glycemic-index.net/images/yU8Ddxi9e9_small.webp,Leinen,35,9.7,"Лен","Linen"
https://glycemic-index.net/images/W3oADEugRI_small.webp,Leinsamen,35,0.6,"Семена льна","Flax seeds"
https://glycemic-index.net/images/hA5psXgx4E_small.webp,Linsen (gelb),30,19.6,"Чечевица (желтая)","Lentils (yellow)"
https://glycemic-index.net/images/AuDYcOqN67_small.webp,Linsen (grün),25,12.5,"Чечевица (зеленая)","Lentils (green)"
https://glycemic-index.net/images/GsPRZnSEVI_small.webp,Linsensprossen,25,5.5,"Ростки чечевицы","Lentil sprouts"
https://glycemic-index.net/images/XoGJb9Z365_small.webp,Linsensuppe,30,2.4,"Чечевичный суп","Lentil soup"
https://glycemic-index.net/images/9XEp5SRP5P_small.webp,Linsensuppenpüree,44,6.6,"Чечевичный суп-пюре","Creamed lentil soup"
https://glycemic-index.net/images/v8gwqvOZ83_small.webp,Litschi (frisches Obst),50,7.6,"Личи (свежий фрукт)","Lychee (fresh fruit)"
https://glycemic-index.net/images/hnSoheV4da_small.webp,Lotus (Wurzelpulver),33,4.1,"Лотос (порошок корня)","Lotus (root powder)"
https://glycemic-index.net/images/iD3g2Ugagq_small.webp,Lupine,15,6.1,"Люпин","Lupin"
https://glycemic-index.net/images/e9W8RdAnmc_small.webp,Mageres Schweinefleisch,0,0.0,"Постная свинина","Lean pork"
https://glycemic-index.net/images/KgtVOnZgXw_small.webp,Magermilch,31,1.5,"Обезжиренное молоко","Skim milk"
https://glycemic-index.net/images/gmFq7H2Qq7_small.webp,Magermilch,27,0.1,"Обезжиренное молоко","Skim milk"
https://glycemic-index.net/images/WnIYmOZAjV_small.webp,Mais,48,8.9,"Кукуруза","Corn"
https://glycemic-index.net/images/6yz2XiA8zX_small.webp,Maissirup,15,11.7,"Кукурузный сироп","Corn syrup"
https://glycemic-index.net/images/JAnXwX02Tj_small.webp,"Makronen, Kokosmehl",32,18.1,"Макроны, кокосовая мука","Macaroons, coconut flour"
https://glycemic-index.net/images/wh35gQB4zd_small.webp,Mandarin,30,3.9,"Мандарин","Mandarin"
https://glycemic-index.net/images/oEy3kx48Pv_small.webp,Mandarine (in Dosen),47,4.2,"Мандарин (консервированный)","Mandarin (canned)"
https://glycemic-index.net/images/utK4OIENj7_small.webp,"Mandarinen, Mandarinen, Satsuma (frisch)",30,3.9,"Мандарины, мандарины, Сацума (свежие)","Mandarins, tangerines, Satsuma (fresh)"
https://glycemic-index.net/images/OCWai9RgtR_small.webp,Mandel,15,1.9,"Миндаль","Almond"
https://glycemic-index.net/images/ywJvDrsmJ8_small.webp,Mandelmilch,30,3.9,"Миндальное молоко","Almond milk"
https://glycemic-index.net/images/LzvegOXf0K_small.webp,Mandelpaste (zuckerfrei),35,15.1,"Миндальная паста (без сахара)","Almond paste (sugar-free)"
https://glycemic-index.net/images/AOA1AylMq8_small.webp,Mandelöl,25,0.0,"Миндальное масло","Almond oil"
https://glycemic-index.net/images/aKxzP1f1l4_small.webp,Margarine,0,0.0,"Маргарин","Margarine"
https://glycemic-index.net/images/EA6KVk1rdP_small.webp,Marmelade,51,47.5,"Мармелад","Marmalade"
https://glycemic-index.net/images/rG5x3tQt9D_small.webp,Marmelade (zuckerfrei),30,22.2,"Мармелад (без сахара)","Marmalade (sugar-free)"
https://glycemic-index.net/images/bzEVMPuzl6_small.webp,Mayonnaise (hausgemacht),0,0.0,"Майонез (домашний)","Mayonnaise (homemade)"
https://glycemic-index.net/images/fNKz0UGo0R_small.webp,"Meeresfrüchte (Austern, Garnelen, Muscheln usw,)",0,0.0,"Морепродукты (устрицы, креветки, мидии и т.д.)","Seafood (oysters, shrimp, mussels, etc.)"
https://glycemic-index.net/images/LB6VyJooF6_small.webp,Meerrettich,10,1.1,"Хрен","Horseradish"
https://glycemic-index.net/images/JC61jucNub_small.webp,Mehrkornplätzchen,51,33.2,"Многозерновое печенье","Multigrain cookies"
https://glycemic-index.net/images/IzGKTok2K1_small.webp,Melonenbirne (Pepino),40,8.0,"Дынная груша (Пепино)","Melon pear (Pepino)"
https://glycemic-index.net/images/Aq4PG5y0BP_small.webp,Milch,31,1.6,"Молоко","Milk"
https://glycemic-index.net/images/DH95J29Bn2_small.webp,Milchschokolade,49,28.9,"Молочный шоколад","Milk chocolate"
https://glycemic-index.net/images/3eSdDjOkXX_small.webp,Mispel japanische Pflaume,55,5.7,"Мушмула японская слива","Loquat Japanese plum"
https://glycemic-index.net/images/R8PbwV4k0C_small.webp,Mohn,35,9.8,"Мак","Poppy"
https://glycemic-index.net/images/rbrf2L9Mf2_small.webp,Moltebeere (frische Beeren),25,1.7,"Морошка (свежие ягоды)","Cloudberry (fresh berries)"
https://glycemic-index.net/images/jsX5boYUXg_small.webp,Mungobohne Mung,25,15.8,"Мунг бобы","Mung bean"
https://glycemic-index.net/images/fXyc7GNkSE_small.webp,Müsli (zuckerfrei),50,23.6,"Мюсли (без сахара)","Muesli (sugar-free)"
https://glycemic-index.net/images/CJuxUSJcx0_small.webp,"Müsliriegel, Glutenfrei",50,37.1,"Мюсли-батончик, без глютена","Muesli bar, gluten-free"
https://glycemic-index.net/images/Kr72oe7NYh_small.webp,Natürliche Milch,32,1.3,"Натуральное молоко","Natural milk"
https://glycemic-index.net/images/3VJbiXMPqZ_small.webp,Nektarine (frisches Obst),35,4.1,"Нектарин (свежий фрукт)","Nectarine (fresh fruit)"
https://glycemic-index.net/images/rAvbRqZfHM_small.webp,Nieren (geschmort),0,0.0,"Почки (тушеные)","Kidneys (braised)"
https://glycemic-index.net/images/0sEUiYPzDC_small.webp,Nussbaum,15,2.1,"Грецкий орех","Walnut"
https://glycemic-index.net/images/X6lyiSWTNA_small.webp,Nüsse (mit Rosinen mischen),21,9.8,"Орехи (смесь с изюмом)","Nuts (mixed with raisins)"
https://glycemic-index.net/images/wz23ObtO4B_small.webp,Obstbrot,47,24.4,"Фруктовый хлеб","Fruit bread"
https://glycemic-index.net/images/xIop8is254_small.webp,Oliven,15,0.9,"Оливки","Olives"
https://glycemic-index.net/images/OHjnvj2hLa_small.webp,Olivenöl,0,0.0,"Оливковое масло","Olive oil"
https://glycemic-index.net/images/vIOhMvy9eB_small.webp,Omelette,49,7.3,"Омлет","Omelette"
https://glycemic-index.net/images/7hre17eZtj_small.webp,Orache,53,34.0,"Лебеда садовая","Orache"
https://glycemic-index.net/images/rpaE64Cepa_small.webp,Orange (frisches Obst),35,4.1,"Апельсин (свежий фрукт)","Orange (fresh fruit)"
https://glycemic-index.net/images/wX4P5Ns5iP_small.webp,Orangensaft,48,4.8,"Апельсиновый сок","Orange juice"
https://glycemic-index.net/images/ETyGQ4KY1f_small.webp,Orangensaft (frisch gepresst und zuckerfrei),45,4.8,"Апельсиновый сок (свежевыжатый и без сахара)","Orange juice (freshly squeezed and sugar-free)"
https://glycemic-index.net/images/ueoIRW9iCA_small.webp,Oregano,5,3.2,"Орегано","Oregano"
https://glycemic-index.net/images/HtdmCDweEo_small.webp,Palm Fruchtfleisch,20,1.2,"Мякоть пальмы","Palm pulp"
https://glycemic-index.net/images/9b1MjxmGU2_small.webp,Pampelmuse,30,3.0,"Помело","Pomelo"
https://glycemic-index.net/images/6YmocU0iWE_small.webp,"Pampelmuse, Sheddock (frisch)",25,2.0,"Помело, Шеддок (свежий)","Pomelo, Sheddock (fresh)"
https://glycemic-index.net/images/uopzFKnNAh_small.webp,"Paprika (rot, grün), Paprika",15,1.0,"Перец (красный, зеленый), паприка","Bell pepper (red, green), paprika"
https://glycemic-index.net/images/kT66RpOnic_small.webp,Passionsfrucht,30,6.9,"Маракуйя","Passion fruit"
https://glycemic-index.net/images/LlgZyBIdx6_small.webp,"Passionsfrucht, Granadilla (frisch)",30,4.0,"Маракуйя, Гранадилла (свежая)","Passion fruit, Granadilla (fresh)"
https://glycemic-index.net/images/zUopTvrRLp_small.webp,Pasta,50,15.4,"Паста","Pasta"
https://glycemic-index.net/images/eJyUSxvdLq_small.webp,Pasta (aus Hartweizen),50,11.6,"Паста (из твердых сортов пшеницы)","Pasta (from durum wheat)"
https://glycemic-index.net/images/To0S9MaQSQ_small.webp,"Pepino, Melonenbirne",40,8.0,"Пепино, Дынная груша","Pepino, Melon pear"
https://glycemic-index.net/images/VFAuFPjmr5_small.webp,Perlovka,25,18.4,"Перловка","Pearl barley"
https://glycemic-index.net/images/JqxMhkTLsL_small.webp,"Persimmon, Persimmon Ost (frisch)",50,7.7,"Хурма, Хурма восточная (свежая)","Persimmon, Oriental persimmon (fresh)"
https://glycemic-index.net/images/K14f4FB7GH_small.webp,Pesto-Sauce),15,0.9,"Соус Песто","Pesto sauce"
https://glycemic-index.net/images/BcBvqGxyMJ_small.webp,Petersilie,15,0.9,"Петрушка","Parsley"
https://glycemic-index.net/images/PPn90kZvHW_small.webp,Petersilie (gekocht),52,3.3,"Петрушка (приготовленная)","Parsley (cooked)"
https://glycemic-index.net/images/FVRSYndNy8_small.webp,Pfirsich (frisches Obst),35,4.0,"Персик (свежий фрукт)","Peach (fresh fruit)"
https://glycemic-index.net/images/HaBL3pZPpC_small.webp,Pfirsich (in Sirup konserviert),55,8.1,"Персик (консервированный в сиропе)","Peach (canned in syrup)"
https://glycemic-index.net/images/DE4puH02OB_small.webp,Pflanzenfett,0,0.0,"Растительный жир","Vegetable fat"
https://glycemic-index.net/images/8JeWvVGEHV_small.webp,Pflaumen,40,25.6,"Сливы","Plums"
https://glycemic-index.net/images/azVoBJd4Xb_small.webp,Pflaumen (frisch),35,3.9,"Сливы (свежие)","Plums (fresh)"
https://glycemic-index.net/images/6NC6QFHgdX_small.webp,Physalis,15,0.6,"Физалис","Physalis"
https://glycemic-index.net/images/5Xnq0YR4LL_small.webp,Pilze,15,0.8,"Грибы","Mushrooms"
https://glycemic-index.net/images/dU7glVH0OI_small.webp,Pilze (gekocht),36,1.9,"Грибы (приготовленные)","Mushrooms (cooked)"
https://glycemic-index.net/images/S3tSr3aP5R_small.webp,Pinienkerne,15,2.9,"Кедровые орехи","Pine nuts"
https://glycemic-index.net/images/0rLdgQBEjd_small.webp,Pinienkerne,15,1.9,"Кедровые орехи","Pine nuts"
https://glycemic-index.net/images/Ru1KySjFE5_small.webp,Pistazien,15,4.2,"Фисташки","Pistachios"
https://glycemic-index.net/images/ucA2AgsKRB_small.webp,Plantano (roh),45,13.6,"Плантан (сырой)","Plantain (raw)"
https://glycemic-index.net/images/0whBPqr8Nz_small.webp,Platano (roh),45,14.4,"Платано (сырой)","Platano (raw)"
https://glycemic-index.net/images/LTFRYZCnFS_small.webp,"Pommes, Mais, gesalzen",42,25.6,"Чипсы, кукурузные, соленые","Chips, corn, salted"
https://glycemic-index.net/images/t9LKSY5zLU_small.webp,Popcorn,55,40.7,"Попкорн","Popcorn"
https://glycemic-index.net/images/ezy1Nn0KGO_small.webp,Praline mit Süßungsmitteln,23,8.2,"Пралине с подсластителями","Praline with sweeteners"
https://glycemic-index.net/images/9qStdGVQiU_small.webp,Pumpernickelbrot,45,21.6,"Хлеб Пумперникель","Pumpernickel bread"
https://glycemic-index.net/images/k6Xaw5gM9X_small.webp,Quark,45,10.3,"Творог","Quark"
https://glycemic-index.net/images/RDiUTiNFQH_small.webp,Quetschen,15,0.7,"Сдавливание","Squeezing"
https://glycemic-index.net/images/IKy75I7PSL_small.webp,Quinoa (gekocht),35,7.3,"Киноа (приготовленная)","Quinoa (cooked)"
https://glycemic-index.net/images/eGTbT1ZhLy_small.webp,Quinoa (unvorbereitet),40,22.8,"Киноа (неприготовленная)","Quinoa (uncooked)"
https://glycemic-index.net/images/LHsOCckULt_small.webp,Quinoa-Mehl,40,22.9,"Мука из киноа","Quinoa flour"
https://glycemic-index.net/images/0jKhjJfCZt_small.webp,Quitte (Dose / Gelee ohne Zucker),40,3.8,"Айва (консервированная / желе без сахара)","Quince (canned/jelly without sugar)"
https://glycemic-index.net/images/7ZNvLxfXTE_small.webp,Quitte (frisches Obst),35,3.4,"Айва (свежий фрукт)","Quince (fresh fruit)"
https://glycemic-index.net/images/BgIUlPljcG_small.webp,Ratatouille,20,1.0,"Рататуй","Ratatouille"
https://glycemic-index.net/images/tWJhbQuWer_small.webp,Ravioli (aus Hartweizen),40,11.6,"Равиоли (из твердых сортов пшеницы)","Ravioli (from durum wheat)"
https://glycemic-index.net/images/mw0hqDb0Vb_small.webp,Rettich,15,0.5,"Редька","Radish"
https://glycemic-index.net/images/M8bsWZH9pU_small.webp,Rhabarber,15,0.4,"Ревень","Rhubarb"
https://glycemic-index.net/images/HTGRpwuPAT_small.webp,Rinderhirne,0,0.0,"Говяжьи мозги","Beef brains"
https://glycemic-index.net/images/lHIJawTftL_small.webp,"Rindfleisch (Steak etc,)",0,0.0,"Говядина (стейк и т.д.)","Beef (steak etc.)"
https://glycemic-index.net/images/BUQhsXwO84_small.webp,Roastbeefleber,50,0.0,"Печень ростбифа","Roast beef liver"
https://glycemic-index.net/images/jjbeOf9jdn_small.webp,Roggenflocken,45,37.2,"Ржаные хлопья","Rye flakes"
https://glycemic-index.net/images/GRVoS9UMZ7_small.webp,Roggenmehl (mittel gemahlen),50,27.9,"Ржаная мука (среднего помола)","Rye flour (medium ground)"
https://glycemic-index.net/images/g21bsCR0bc_small.webp,Roggenvollkornmehl,45,28.9,"Ржаная цельнозерновая мука","Rye whole grain flour"
https://glycemic-index.net/images/4zgqU2MdbX_small.webp,Rosenkohl,15,0.3,"Брюссельская капуста","Brussels sprouts"
https://glycemic-index.net/images/7pNHzOWyJt_small.webp,Rosenkohl (frisch),15,1.1,"Брюссельская капуста (свежая)","Brussels sprouts (fresh)"
https://glycemic-index.net/images/FSvdK8KYhi_small.webp,Rote Beete,15,0.6,"Свекла","Beetroot"
https://glycemic-index.net/images/9z70lpgdHd_small.webp,Rote Beete (frisch),30,2.6,"Свекла (свежая)","Beetroot (fresh)"
https://glycemic-index.net/images/eCkzzWodo6_small.webp,Rote Johannisbeere (frische Beere),25,1.9,"Красная смородина (свежая ягода)","Red currant (fresh berry)"
https://glycemic-index.net/images/8RSFA6HOhB_small.webp,Roter Kaviar,0,0.0,"Красная икра","Red caviar"
https://glycemic-index.net/images/VwOQQ4UetN_small.webp,Rübe (roh),30,1.9,"Репа (сырая)","Turnip (raw)"
https://glycemic-index.net/images/wDbWhaURYF_small.webp,"Rübe, Rübe (frisch)",30,1.8,"Репа, репа (свежая)","Turnip, turnip (fresh)"
https://glycemic-index.net/images/wcPRYljXmn_small.webp,Sahne,30,1.1,"Сливки","Cream"
https://glycemic-index.net/images/NRCu0W2Vie_small.webp,Sahne (10%),25,1.1,"Сливки (10%)","Cream (10%)"
https://glycemic-index.net/images/5TvXfYEeIF_small.webp,Sahne (18%),30,1.1,"Сливки (18%)","Cream (18%)"
https://glycemic-index.net/images/olZpVHcQgf_small.webp,Sahne (30%),33,1.2,"Сливки (30%)","Cream (30%)"
https://glycemic-index.net/images/EwIGM5MslH_small.webp,"Salat (""Eisberg"", Blatt, Rucola usw,)",15,0.3,"Салат (Айсберг, листовой, руккола и т.д.)","Lettuce (Iceberg, leaf, arugula, etc.)"
https://glycemic-index.net/images/zK7RYlFq6l_small.webp,Salat (frisch),15,0.5,"Салат (свежий)","Lettuce (fresh)"
https://glycemic-index.net/images/qIXr6ZAE3H_small.webp,Salzgurken,15,0.3,"Соленые огурцы","Salt pickles"
https://glycemic-index.net/images/j6ARF7cPw2_small.webp,Samen (Kürbis),25,13.5,"Семена (тыквенные)","Seeds (pumpkin)"
https://glycemic-index.net/images/t0tqZiR3iM_small.webp,Sanddorn,30,0.8,"Облепиха","Sea buckthorn"
https://glycemic-index.net/images/ox6EW17cl6_small.webp,Sauerampfer,15,0.0,"Щавель","Sorrel"
https://glycemic-index.net/images/EWsaroROjG_small.webp,Sauerkraut,15,0.8,"Квашеная капуста","Sauerkraut"
https://glycemic-index.net/images/KyGKd7bJKC_small.webp,Sauerrahm,15,0.6,"Сметана","Sour cream"
https://glycemic-index.net/images/8CUGCiBN2K_small.webp,Saure Sahne (20%),25,0.8,"Сметана (20%)","Sour cream (20%)"
https://glycemic-index.net/images/JiO03zPMbD_small.webp,Schalotte,15,2.5,"Шалот","Shallot"
https://glycemic-index.net/images/sTEKBo09B9_small.webp,"Schinken, in Scheiben geschnitten, Würstchen",0,0.0,"Ветчина, нарезанная ломтиками, сосиски","Ham, sliced, sausages"
https://glycemic-index.net/images/Ti2hxz0aJk_small.webp,Schmalz,0,0.0,"Смалец","Lard"
https://glycemic-index.net/images/NKiCThyGNc_small.webp,Schokolade,49,29.9,"Шоколад","Chocolate"
https://glycemic-index.net/images/XmneFBrry6_small.webp,Schokolade (+ 70% Kakao),25,9.0,"Шоколад (+ 70% какао)","Chocolate (+ 70% cocoa)"
https://glycemic-index.net/images/0FdQ7bqp5M_small.webp,Schokoladenmilch,34,3.7,"Шоколадное молоко","Chocolate milk"
https://glycemic-index.net/images/coYa36rEN9_small.webp,Schwarze Johannisbeere (frische Beere),15,1.1,"Черная смородина (свежая ягода)","Black currant (fresh berry)"
https://glycemic-index.net/images/gw0lY0Y3hx_small.webp,Schwarze Oliven,15,4.8,"Черные оливки","Black olives"
https://glycemic-index.net/images/huK1SHET9p_small.webp,Schwarzwurzel (Kozelec),30,0.3,"Скорцонера (Козелец)","Black salsify (Kozelec)"
https://glycemic-index.net/images/HZ25wqTgPA_small.webp,Schweinekoteletts,50,9.8,"Свиные отбивные","Pork chops"
https://glycemic-index.net/images/u2IbC3csuZ_small.webp,Sellerie (frisch),15,0.3,"Сельдерей (свежий)","Celery (fresh)"
https://glycemic-index.net/images/3Z2guoUaaT_small.webp,Senf (mit Zucker),55,5.9,"Горчица (с сахаром)","Mustard (with sugar)"
https://glycemic-index.net/images/Frgy4vYPKE_small.webp,Sesam,35,8.1,"Кунжут","Sesame"
https://glycemic-index.net/images/mxVLQKjE8i_small.webp,"Sesampaste, Tahini",40,4.9,"Кунжутная паста, Тахини","Sesame paste, Tahini"
https://glycemic-index.net/images/FN7K8PxdJM_small.webp,Sesamsamen,35,4.3,"Семена кунжута","Sesame seeds"
https://glycemic-index.net/images/dorInXt9PW_small.webp,"Shortbread Cookies (Integral Mehl, zuckerfrei)",40,17.2,"Песочное печенье (цельнозерновая мука, без сахара)","Shortbread cookies (whole grain flour, sugar-free)"
https://glycemic-index.net/images/autdrBvHJn_small.webp,Soja-Sahne,20,12.9,"Соевые сливки","Soy cream"
https://glycemic-index.net/images/HUdnn7NyoT_small.webp,Sojabohne,15,4.5,"Соевые бобы","Soybean"
https://glycemic-index.net/images/4mpMdGu8bT_small.webp,Sojabohnen,15,4.5,"Соевые бобы","Soybeans"
https://glycemic-index.net/images/ly78a4t9tc_small.webp,Sojajoghurt (natürlich),20,1.6,"Соевый йогурт (натуральный)","Soy yogurt (natural)"
https://glycemic-index.net/images/oWoZpBIW98_small.webp,Sojamehl,25,4.5,"Соевая мука","Soy flour"
https://glycemic-index.net/images/qYDSP9L9Ih_small.webp,Sojamilch,30,1.8,"Соевое молоко","Soy milk"
https://glycemic-index.net/images/XieGTQ0hTP_small.webp,Sojamilch-Eis,35,6.0,"Соевое мороженое","Soy milk ice cream"
https://glycemic-index.net/images/taGJN8Gdm1_small.webp,Sojasauce,20,1.0,"Соевый соус","Soy sauce"
https://glycemic-index.net/images/fpPNe8KJ2d_small.webp,Sojasuppennudeln,30,24.6,"Соевая суповая лапша","Soy soup noodles"
https://glycemic-index.net/images/0Wj5C8VoUS_small.webp,Sonnenblumenkerne),35,7.0,"Семена подсолнечника","Sunflower seeds"
https://glycemic-index.net/images/9PeKbAXPB4_small.webp,Sorbet (zuckerfrei),40,4.8,"Сорбет (без сахара)","Sorbet (sugar-free)"
https://glycemic-index.net/images/BJfQ50U8j0_small.webp,Sorbett,50,27.6,"Сорбет","Sorbet"
https://glycemic-index.net/images/x3bhaxQ32z_small.webp,Spaghetti (gut gekocht),55,12.8,"Спагетти (хорошо приготовленные)","Spaghetti (well cooked)"
https://glycemic-index.net/images/d01pqDzbfz_small.webp,Spaghetti Bolognese,52,9.9,"Спагетти Болоньезе","Spaghetti Bolognese"
https://glycemic-index.net/images/IuYzLarzjB_small.webp,Spaghetti al dente,45,21.5,"Спагетти аль денте","Spaghetti al dente"
https://glycemic-index.net/images/aLKUM0nMUM_small.webp,Spargel,15,0.6,"Спаржа","Asparagus"
https://glycemic-index.net/images/89tbaL0LU1_small.webp,Spinat,15,0.3,"Шпинат","Spinach"
https://glycemic-index.net/images/hJsBIrRB8x_small.webp,Stevia,0,0.0,"Стевия","Stevia"
https://glycemic-index.net/images/IwvatkONMQ_small.webp,Suppe mit Hähnchen und Champignons,46,0.7,"Суп с курицей и шампиньонами","Soup with chicken and mushrooms"
https://glycemic-index.net/images/soFV3TavEz_small.webp,Surimi (gehackter Fisch in Krabbenstangen),50,3.4,"Сурими (рубленая рыба в крабовых палочках)","Surimi (chopped fish in crab sticks)"
https://glycemic-index.net/images/6H4GzNmHRc_small.webp,Sushi,55,11.6,"Суши","Sushi"
https://glycemic-index.net/images/bp0R62KfHq_small.webp,"Sushi, Lachs",48,7.3,"Суши, лосось","Sushi, salmon"
https://glycemic-index.net/images/KRwj8fdVsw_small.webp,Süße Kirsche,25,0.1,"Сладкая вишня","Sweet cherry"
https://glycemic-index.net/images/hW1I5jROrw_small.webp,Süßer Joghurt,52,4.7,"Сладкий йогурт","Sweet yogurt"
https://glycemic-index.net/images/MV35pxW8XP_small.webp,Süßer Pfeffer,15,0.8,"Сладкий перец","Sweet pepper"
https://glycemic-index.net/images/C8CjgNEt75_small.webp,Tagliatelle (gut gekocht),55,34.8,"Тальятелле (хорошо приготовленные)","Tagliatelle (well cooked)"
https://glycemic-index.net/images/UJlj58QE51_small.webp,Tahin,40,8.4,"Тахини","Tahini"
https://glycemic-index.net/images/gtEHCiwP6N_small.webp,Taro,48,12.7,"Таро","Taro"
https://glycemic-index.net/images/wFM5C8JtDg_small.webp,Tempeh,15,1.4,"Темпе","Tempeh"
https://glycemic-index.net/images/rrzt9xiR0i_small.webp,"Tofu, Bohnengallerte",15,0.1,"Тофу, бобовая желе","Tofu, bean curd"
https://glycemic-index.net/images/47GfhbjMs2_small.webp,Tofu-Käse,15,0.6,"Сыр Тофу","Tofu cheese"
https://glycemic-index.net/images/4E4TABVLrL_small.webp,Tomaten,30,1.1,"Помидоры","Tomatoes"
https://glycemic-index.net/images/rKqqPwo8Gv_small.webp,Tomaten (frisch),30,1.1,"Помидоры (свежие)","Tomatoes (fresh)"
https://glycemic-index.net/images/YW5NAuceCx_small.webp,Tomaten (getrocknet),35,10.2,"Помидоры (сушеные)","Tomatoes (dried)"
https://glycemic-index.net/images/7yqx6eo0Mt_small.webp,Tomatenpüree,35,3.1,"Томатное пюре","Tomato puree"
https://glycemic-index.net/images/oNTp5iDJJN_small.webp,Tomatensaft,35,1.5,"Томатный сок","Tomato juice"
https://glycemic-index.net/images/XGBf8G5Ca5_small.webp,"Tomatensauce (natürlich, zuckerfrei)",35,1.3,"Томатный соус (натуральный, без сахара)","Tomato sauce (natural, sugar-free)"
https://glycemic-index.net/images/pRbaM1hV6d_small.webp,Tomatensuppe,38,2.7,"Томатный суп","Tomato soup"
https://glycemic-index.net/images/dSrjzfXdoR_small.webp,Topinambur (frisch),50,6.4,"Топинамбур (свежий)","Jerusalem artichoke (fresh)"
https://glycemic-index.net/images/KRo2H5Bn7F_small.webp,"Tortilla, weißer Mais",49,23.1,"Тортилья, белая кукуруза","Tortilla, white corn"
https://glycemic-index.net/images/v9Ohu5nPmA_small.webp,"Trauben, grün (roh)",45,5.4,"Виноград, зеленый (сырой)","Grapes, green (raw)"
https://glycemic-index.net/images/v9Ohu5nPmA3Os1_small.webp,"Trauben, rot (roh)",45,8.1,"Виноград, красный (сырой)","Grapes, red (raw)"
https://glycemic-index.net/images/4dUrBbLets_small.webp,Traubensaft (ungesüßt),45,6.9,"Виноградный сок (без сахара)","Grape juice (unsweetened)"
https://glycemic-index.net/images/NY6dnPTsvF_small.webp,Traubensaft (zuckerfrei),55,9.3,"Виноградный сок (без сахара)","Grape juice (sugar-free)"
https://glycemic-index.net/images/UFfWKNL8LX_small.webp,Trockener Apfelwein,40,11.6,"Сухой сидр","Dry cider"
https://glycemic-index.net/images/B0KBqk5HqJ_small.webp,Truthahn,0,0.0,"Индейка","Turkey"
https://glycemic-index.net/images/nffAzHjmOi_small.webp,Truthahn (gekocht),0,0.0,"Индейка (приготовленная)","Turkey (cooked)"
https://glycemic-index.net/images/Pc2chqZaW0_small.webp,Ungeschälter Basmatireis,45,33.8,"Неочищенный рис басмати","Unpeeled basmati rice"
https://glycemic-index.net/images/8fpDPNHR5j_small.webp,Urd Bean (gedämpft),43,27.1,"Бобы Урд (приготовленные на пару)","Urd bean (steamed)"
https://glycemic-index.net/images/YUGjLexOIh_small.webp,Vanille,5,3.3,"Ваниль","Vanilla"
https://glycemic-index.net/images/C89Mc0DwEd_small.webp,Vollkorn (Roggen),34,19.0,"Цельнозерновой (рожь)","Whole grain (rye)"
https://glycemic-index.net/images/Mlh6v0AMNd_small.webp,Vollkorn-Spaghetti,40,10.6,"Цельнозерновые спагетти","Whole grain spaghetti"
https://glycemic-index.net/images/lNb9MAdgI8_small.webp,Vollkornbrot,40,15.9,"Цельнозерновой хлеб","Whole grain bread"
https://glycemic-index.net/images/vp1sNEFsje_small.webp,Vollkornnudeln,40,10.6,"Цельнозерновые макароны","Whole grain pasta"
https://glycemic-index.net/images/pet0naf4k9_small.webp,Vollkornnudeln,50,32.1,"Цельнозерновые макароны","Whole grain pasta"
https://glycemic-index.net/images/mIqW2wwMxP_small.webp,Vollkornnudeln von al dente,40,14.6,"Цельнозерновые макароны аль денте","Whole grain pasta al dente"
https://glycemic-index.net/images/fGNwjcRCmT_small.webp,Vollkornweizen,45,26.8,"Цельнозерновая пшеница","Whole grain wheat"
https://glycemic-index.net/images/CcjBBjdE4b_small.webp,Vollmilch,34,1.6,"Цельное молоко","Whole milk"
https://glycemic-index.net/images/sumn8qertD_small.webp,Vollmilch 3%,27,1.2,"Цельное молоко 3%","Whole milk 3%"
https://glycemic-index.net/images/IBuvGflLau_small.webp,Walnüsse,15,1.1,"Грецкие орехи","Walnuts"
https://glycemic-index.net/images/LBaDaFsSpc_small.webp,Weizenflocken,45,27.4,"Пшеничные хлопья","Wheat flakes"
https://glycemic-index.net/images/PRpCaFdWjA_small.webp,Weiße Bohnen (gekocht),33,8.3,"Белая фасоль (приготовленная)","White beans (cooked)"
https://glycemic-index.net/images/In6joHnczH_small.webp,Weiße Mandelpaste / Püree (ohne Süßstoffe),35,16.7,"Белая миндальная паста / пюре (без подсластителей)","White almond paste/puree (without sweeteners)"
https://glycemic-index.net/images/DfrkGNjkW3_small.webp,"Weißer Mais, Zuckermais, gefrorener Mais",55,10.4,"Белая кукуруза, сахарная кукуруза, замороженная кукуруза","White corn, sweet corn, frozen corn"
https://glycemic-index.net/images/mXvhCorXZe_small.webp,Weißkohl,15,0.9,"Белокочанная капуста","White cabbage"
https://glycemic-index.net/images/2IAq2Vv0K8_small.webp,Wildreis,45,33.8,"Дикий рис","Wild rice"
https://glycemic-index.net/images/JjGit16DJq_small.webp,Wildreis (schwarz),35,26.3,"Дикий рис (черный)","Wild rice (black)"
https://glycemic-index.net/images/fIPy3LdaCp_small.webp,Würste,28,6.7,"Колбасы","Sausages"
https://glycemic-index.net/images/4CLnVyxdN2_small.webp,Würste,30,0.6,"Колбасы","Sausages"
https://glycemic-index.net/images/R9F0rKZWSK_small.webp,Ziegenmilch,24,1.1,"Козье молоко","Goat milk"
https://glycemic-index.net/images/yhali4p297_small.webp,Zimt,5,2.9,"Корица","Cinnamon"
https://glycemic-index.net/images/4HiWMteTeR_small.webp,Zitrone (frisches Obst),20,0.6,"Лимон (свежий фрукт)","Lemon (fresh fruit)"
https://glycemic-index.net/images/iYbYuHuo26_small.webp,Zitronensaft (ungesüßt),20,0.6,"Лимонный сок (без сахара)","Lemon juice (unsweetened)"
https://glycemic-index.net/images/Gjg89KhEjc_small.webp,Zucchini,15,0.5,"Цуккини","Zucchini"
https://glycemic-index.net/images/JYdUyUKExr_small.webp,Zwiebel (frisch),15,1.6,"Лук (свежий)","Onion (fresh)"
https://glycemic-index.net/images/bJuS6MzOHV_small.webp,brauner Reis,50,36.5,"Коричневый рис","Brown rice"
https://glycemic-index.net/images/ZrKrG8Noiu_small.webp,chinesische Nudeln,35,23.4,"Китайская лапша","Chinese noodles"
https://glycemic-index.net/images/TWElHhyyLn_small.webp,dijon Senf,35,3.3,"Дижонская горчица","Dijon mustard"
https://glycemic-index.net/images/ylVEkxRjYr_small.webp,rote Bohnen,35,18.4,"Красная фасоль","Red beans"
https://glycemic-index.net/images/GOhNvdqaVw_small.webp,roter Reis,55,38.8,"Красный рис","Red rice"
https://glycemic-index.net/images/aTDRzbstov_small.webp,weiße Bohnen,35,21.4,"Белая фасоль","White beans"
https://glycemic-index.net/images/RnY7mve9on_small.webp,weiße Bohnen,35,22.4,"Белая фасоль","White beans"
https://glycemic-index.net/images/WtC5GO8bse_small.webp,weiße Schokolade,44,26.0,"Белый шоколад","White chocolate"
https://glycemic-index.net/images/pUxrArCQGL_small.webp,Überfliegen Sie Käse,30,0.4,"Сыр (мягкий)","Soft cheese"
https://glycemic-index.net/images/hx1NpTnj1I_small.webp,Ahornsirup,65,43.5,"Кленовый сироп","Maple syrup"
https://glycemic-index.net/images/0a37JgGQOB_small.webp,Ananas,66,8.6,"Ананас","Pineapple"
https://glycemic-index.net/images/xCmLJ6O3IK_small.webp,Ananas (in Sirup konserviert),65,10.1,"Ананас (консервированный в сиропе)","Pineapple (canned in syrup)"
https://glycemic-index.net/images/gyPa5fH3eT_small.webp,Aprikosen (in Sirup konserviert),60,12.9,"Абрикосы (консервированные в сиропе)","Apricots (canned in syrup)"
https://glycemic-index.net/images/XrJXyk3SWR_small.webp,Beef Stroganoff,56,7.3,"Бефстроганов","Beef Stroganoff"
https://glycemic-index.net/images/j6ZsyWsRUx_small.webp,Brotfrucht,65,17.6,"Хлебное дерево","Breadfruit"
https://glycemic-index.net/images/CIj5N57PeH_small.webp,Brown Hefebrot,65,26.0,"Коричневый дрожжевой хлеб","Brown yeast bread"
https://glycemic-index.net/images/XgwvsOISwR_small.webp,Buchweizennudeln,59,41.6,"Гречневая лапша","Buckwheat noodles"
https://glycemic-index.net/images/kxh00IHEJk_small.webp,Couscous,60,12.0,"Кус-кус","Couscous"
https://glycemic-index.net/images/SPHN3Fxzm0_small.webp,Dessert Banane (reif),60,13.1,"Десертный банан (спелый)","Dessert banana (ripe)"
https://glycemic-index.net/images/vErOVlpzPz_small.webp,Eipulver,60,2.7,"Яичный порошок","Egg powder"
https://glycemic-index.net/images/vUFiyRIJp7_small.webp,Eis,62,14.9,"Мороженое","Ice cream"
https://glycemic-index.net/images/ka0WbGBCUS_small.webp,Erbsensuppe,60,3.7,"Гороховый суп","Pea soup"
https://glycemic-index.net/images/lSD2G4ZRoX_small.webp,Erdbeermarmelade (hoher Zucker),65,45.5,"Клубничное варенье (высокое содержание сахара)","Strawberry jam (high sugar)"
https://glycemic-index.net/images/RP9LVrO94B_small.webp,"Erfrischungsgetränke (Soda, Cola)",60,6.0,"Прохладительные напитки (газировка, кола)","Soft drinks (soda, cola)"
https://glycemic-index.net/images/u7yFMMk5TU_small.webp,Falafel (Kichererbse),65,28.1,"Фалафель (нут)","Falafel (chickpea)"
https://glycemic-index.net/images/LG0GCz9phG_small.webp,Fladenbrot,69,38.6,"Пита","Flatbread"
https://glycemic-index.net/images/erYdd1oADQ_small.webp,Gekochter Zuckermais,60,13.5,"Вареная сахарная кукуруза","Cooked sweet corn"
https://glycemic-index.net/images/USWwP2d7iv_small.webp,Gelber Mais,65,10.1,"Желтая кукуруза","Yellow corn"
https://glycemic-index.net/images/SMOuRVJ8CI_small.webp,Gemüsekonserven (Fabrik),65,3.4,"Овощные консервы (заводские)","Canned vegetables (factory)"
https://glycemic-index.net/images/ZZgjz2Wsiy_small.webp,Gemüsesuppe,60,2.2,"Овощной суп","Vegetable soup"
https://glycemic-index.net/images/2DpPfqD4qQ_small.webp,Geschältes Weizenmehl (Vollkorn),65,44.8,"Очищенная пшеничная мука (цельнозерновая)","Peeled wheat flour (whole grain)"
https://glycemic-index.net/images/rfbQO4Zvrg_small.webp,Getrocknete Früchte,60,49.8,"Сушеные фрукты","Dried fruits"
https://glycemic-index.net/images/JpkEqRDZqw_small.webp,"Hafer, Herkules",59,36.0,"Овес, Геркулес","Oats, Hercules"
https://glycemic-index.net/images/70e4GfsVn9_small.webp,"Haferbrei (zerkleinert), Haferflockengerichte",60,9.0,"Овсяная каша (измельченная), овсяные блюда","Oatmeal (chopped), oat dishes"
https://glycemic-index.net/images/KYY120pdI9_small.webp,Haferflocken (auf dem Wasser gekocht),60,9.0,"Овсяные хлопья (сваренные на воде)","Oat flakes (cooked in water)"
https://glycemic-index.net/images/5u9ctaSrmh_small.webp,Hamburger,66,1.3,"Гамбургер","Hamburger"
https://glycemic-index.net/images/9AjnElHjW1_small.webp,Hamburgerbrötchen,61,30.1,"Булочка для гамбургера","Hamburger bun"
https://glycemic-index.net/images/QykUwLozkc_small.webp,Hartweizengrieß,60,42.4,"Манная крупа из твердых сортов пшеницы","Durum wheat semolina"
https://glycemic-index.net/images/RMDApm86k2_small.webp,Honig,60,45.8,"Мед","Honey"
https://glycemic-index.net/images/y5OG6PbpkS_small.webp,Kastanie,60,26.5,"Каштан","Chestnut"
https://glycemic-index.net/images/Lwabbo6jIs_small.webp,Kastanienmehl,65,46.1,"Каштановая мука","Chestnut flour"
https://glycemic-index.net/images/Rk4YASGlDx_small.webp,Kleiebrot,65,29.4,"Хлеб с отрубями","Bran bread"
https://glycemic-index.net/images/DuBlOhOvH0_small.webp,Kondensmilch,61,32.9,"Сгущенное молоко","Condensed milk"
https://glycemic-index.net/images/TZKyQbd6CP_small.webp,Kürbis,65,4.5,"Тыква","Pumpkin"
https://glycemic-index.net/images/WdF8qhD0Vo_small.webp,Langkornreis,60,46.8,"Длиннозерный рис","Long grain rice"
https://glycemic-index.net/images/Z3bm3z9k2B_small.webp,Maischips,63,28.8,"Кукурузные чипсы","Corn chips"
https://glycemic-index.net/images/4PlycJCZzw_small.webp,Maisteigwaren,68,46.4,"Кукурузные макароны","Corn pasta"
https://glycemic-index.net/images/GjyXdrhDeQ_small.webp,Mango,56,8.4,"Манго","Mango"
https://glycemic-index.net/images/1IMqUlEzmM_small.webp,Marmelade mit Zucker,65,49.8,"Мармелад с сахаром","Marmalade with sugar"
https://glycemic-index.net/images/6DxXC4mWiA_small.webp,Mayonnaise (gesüßt),60,0.2,"Майонез (подслащенный)","Mayonnaise (sweetened)"
https://glycemic-index.net/images/ZrLfAv7vun_small.webp,Melone,65,5.2,"Дыня","Melon"
https://glycemic-index.net/images/FZOfamIeW1_small.webp,Milchbrot,60,29.9,"Молочный хлеб","Milk bread"
https://glycemic-index.net/images/Paau8TtTTo_small.webp,Müsli,56,31.6,"Мюсли","Muesli"
https://glycemic-index.net/images/9AJli1lvL9_small.webp,Müsli (mit Zucker oder Honig),65,43.8,"Мюсли (с сахаром или медом)","Muesli (with sugar or honey)"
https://glycemic-index.net/images/dJXxO0LTMg_small.webp,Papaya (frisch),60,5.5,"Папайя (свежая)","Papaya (fresh)"
https://glycemic-index.net/images/GMDIa0nKMe_small.webp,Perlgerste (gedämpft),60,40.1,"Перловая крупа (приготовленная на пару)","Pearl barley (steamed)"
https://glycemic-index.net/images/kDsILe8Ikw_small.webp,Pfannkuchen,66,16.6,"Блины","Pancakes"
https://glycemic-index.net/images/9zwTGMvNjC_small.webp,Pita-Brot,57,31.9,"Пита-хлеб","Pita bread"
https://glycemic-index.net/images/DWNRAHikTn_small.webp,Pizza,60,19.8,"Пицца","Pizza"
https://glycemic-index.net/images/SUcktOtukg_small.webp,Quitte (Dose / Gelee mit Zucker),65,7.2,"Айва (консервированная / желе с сахаром)","Quince (canned/jelly with sugar)"
https://glycemic-index.net/images/EmHph95itV_small.webp,Reis Jasmin,60,44.0,"Рис Жасмин","Jasmine rice"
https://glycemic-index.net/images/n3cALhEbzZ_small.webp,Reisnudeln,65,16.2,"Рисовая лапша","Rice noodles"
https://glycemic-index.net/images/IIpvhCrZUk_small.webp,Reiswaffeln,64,52.3,"Рисовые лепешки","Rice cakes"
https://glycemic-index.net/images/xEVRLZ9gy0_small.webp,Roggenbrot,65,31.2,"Ржаной хлеб","Rye bread"
https://glycemic-index.net/images/6c7JkJrSwq_small.webp,Roggencracker,64,44.8,"Ржаные крекеры","Rye crackers"
https://glycemic-index.net/images/cojlILemdp_small.webp,Rosinen,65,51.5,"Изюм","Raisins"
https://glycemic-index.net/images/rTDmfMztpn_small.webp,Rosinen (rot und gold),65,46.8,"Изюм (красный и золотой)","Raisins (red and gold)"
https://glycemic-index.net/images/fIy763CLpa_small.webp,Rote-Bete-Saft,64,0.0,"Свекольный сок","Beetroot juice"
https://glycemic-index.net/images/DNDiU8uZwI_small.webp,Rüben (Gekocht),65,7.0,"Свекла (приготовленная)","Beets (cooked)"
https://glycemic-index.net/images/i5BE2P6fW6_small.webp,Schmelzkäse,57,15.4,"Плавленый сыр","Processed cheese"
https://glycemic-index.net/images/DLoSAjk5jT_small.webp,Schokoladenpulver mit Zucker,60,19.1,"Шоколадный порошок с сахаром","Chocolate powder with sugar"
https://glycemic-index.net/images/Sv1J2eaU7E_small.webp,Shortbread,60,32.2,"Песочное печенье","Shortbread"
https://glycemic-index.net/images/iiJFUlsp2Q_small.webp,Sorbet,65,52.5,"Сорбет","Sorbet"
https://glycemic-index.net/images/HQd44fM1XC_small.webp,Sorbet (mit Zucker),65,17.9,"Сорбет (с сахаром)","Sorbet (with sugar)"
https://glycemic-index.net/images/D9jDWErZqn_small.webp,Stroh,60,41.6,"Солома","Straw"
https://glycemic-index.net/images/cNjjUr7CnF_small.webp,Süßkartoffel,65,18.2,"Сладкий картофель","Sweet potato"
https://glycemic-index.net/images/aswJADQQTd_small.webp,Tamarinde (süß),65,40.8,"Тамаринд (сладкий)","Tamarind (sweet)"
https://glycemic-index.net/images/gw8NS5HckZ_small.webp,Trauben,56,9.6,"Виноград","Grapes"
https://glycemic-index.net/images/LOsiyYKzB5_small.webp,"Trauben, schwarz",59,11.0,"Виноград, черный","Grapes, black"
https://glycemic-index.net/images/Kc7lw2I1SN_small.webp,Udon-Nudeln,62,8.5,"Удон лапша","Udon noodles"
https://glycemic-index.net/images/G0cIgo1Kb3_small.webp,"Vanilleeis (normal, mit Zucker)",60,14.4,"Ванильное мороженое (обычное, с сахаром)","Vanilla ice cream (normal, with sugar)"
https://glycemic-index.net/images/JzXU9TeY5Z_small.webp,Vollkornbrot,65,31.2,"Цельнозерновой хлеб","Whole grain bread"
https://glycemic-index.net/images/bY5dz2wm26_small.webp,Vollkornmehl,60,33.5,"Цельнозерновая мука","Whole grain flour"
https://glycemic-index.net/images/yYvB4vnIl4_small.webp,Zucker,58,58.0,"Сахар","Sugar"
https://glycemic-index.net/images/HG5v8rvGxG_small.webp,Сorn (in Dosen),65,26.6,"Кукуруза (консервированная)","Corn (canned)"
https://glycemic-index.net/images/SeQsN3aQGr_small.webp,Amaranth (analog zu Popcorn),70,43.4,"Амарант (аналог попкорна)","Amaranth (similar to popcorn)"
https://glycemic-index.net/images/2ZoWmxlMzy_small.webp,Aromatisierter Reis,70,56.0,"Ароматизированный рис","Flavored rice"
https://glycemic-index.net/images/wAvwnNegxY_small.webp,Arroroot Mehl,85,72.0,"Мука из аррорута","Arrowroot flour"
https://glycemic-index.net/images/maDth31oxn_small.webp,Backwaren (Weizen),90,33.9,"Хлебобулочные изделия (пшеница)","Bakery products (wheat)"
https://glycemic-index.net/images/ZKf9MlK8Xv_small.webp,Bagel (Weizen),70,35.4,"Бейгл (пшеничный)","Bagel (wheat)"
https://glycemic-index.net/images/3t56uEo8h4_small.webp,"Bagels, Bagels",70,48.1,"Бейглы, бублики","Bagels, bagels"
https://glycemic-index.net/images/a9QuVsuUee_small.webp,Baguette (Vollkorn),73,28.3,"Багет (цельнозерновой)","Baguette (whole grain)"
https://glycemic-index.net/images/km3qgnoJUj_small.webp,Baguette (weiß),95,46.5,"Багет (белый)","Baguette (white)"
https://glycemic-index.net/images/J3NNntqqRp_small.webp,Bier,70,2.5,"Пиво","Beer"
https://glycemic-index.net/images/fpEMNt47f0_small.webp,Biscotti (trockene Kekse),70,35.0,"Бискотти (сухое печенье)","Biscotti (dry cookies)"
https://glycemic-index.net/images/BwzZxXhuLA_small.webp,Bohnen (gekocht),80,17.2,"Бобы (приготовленные)","Beans (cooked)"
https://glycemic-index.net/images/aVqmAGjVTX_small.webp,Brioche (Brötchen),70,32.9,"Бриошь (булочка)","Brioche (bun)"
https://glycemic-index.net/images/UQMe4LTyl7_small.webp,Cornflakes,85,55.3,"Кукурузные хлопья","Cornflakes"
https://glycemic-index.net/images/glPLlX2NZo_small.webp,Cracker,80,10.0,"Крекеры","Crackers"
https://glycemic-index.net/images/3Vk9PxpEAm_small.webp,Cracker,70,50.4,"Крекеры","Crackers"
https://glycemic-index.net/images/B7fuVM0MML_small.webp,Croissant,70,21.7,"Круассан","Croissant"
https://glycemic-index.net/images/MkHavmQFZu_small.webp,Donuts,75,38.3,"Пончики","Donuts"
https://glycemic-index.net/images/UKImnQ8pIo_small.webp,Eine Mischung aus raffiniertem Getreide mit Zucker,70,16.2,"Смесь очищенных зерен с сахаром","A mixture of refined grains with sugar"
https://glycemic-index.net/images/PBIXPmSNN3_small.webp,Französisches Baguette aus Weizenmehl,70,23.4,"Французский багет из пшеничной муки","French baguette from wheat flour"
https://glycemic-index.net/images/PN9Yh8OJVA_small.webp,Gebratene Kartoffel,95,19.1,"Жареный картофель","Fried potato"
https://glycemic-index.net/images/oi4HVSFUo6_small.webp,Gekochte Kartoffeln,70,12.3,"Вареный картофель","Boiled potatoes"
https://glycemic-index.net/images/6MEHjwpdAw_small.webp,Gerstenbrei,70,46.1,"Ячменная каша","Barley porridge"
https://glycemic-index.net/images/vDMgRd52UP_small.webp,Glucose,96,94.1,"Глюкоза","Glucose"
https://glycemic-index.net/images/Mz5hRjqt43_small.webp,Glucosesirup,100,70.5,"Глюкозный сироп","Glucose syrup"
https://glycemic-index.net/images/xCUTQuChu8_small.webp,Glukose (Dextrose),100,95.0,"Глюкоза (декстроза)","Glucose (dextrose)"
https://glycemic-index.net/images/PF77NCPzEW_small.webp,Glutenfreies Weißbrot,90,14.0,"Безглютеновый белый хлеб","Gluten-free white bread"
https://glycemic-index.net/images/ayuloHjTUj_small.webp,Gnocchi,70,14.0,"Ньокки","Gnocchi"
https://glycemic-index.net/images/GEtAxp2ZNA_small.webp,"Hafer, Haferbrei, Instantkochen",74,41.4,"Овес, овсяная каша, быстрое приготовление","Oats, oatmeal, instant cooking"
https://glycemic-index.net/images/844AiYOQhL_small.webp,Hirse,70,51.1,"Просо","Millet"
https://glycemic-index.net/images/unVTpamxef_small.webp,Hirsebrei,70,18.9,"Пшенная каша","Millet porridge"
https://glycemic-index.net/images/BfRX6pbHvo_small.webp,Instant-Kartoffeln,87,66.1,"Картофель быстрого приготовления","Instant potatoes"
https://glycemic-index.net/images/G5OWj96E4s_small.webp,Instant-Reis,85,65.5,"Рис быстрого приготовления","Instant rice"
https://glycemic-index.net/images/wBd1ti8CFq_small.webp,Karotte (gekocht),85,4.3,"Морковь (приготовленная)","Carrot (cooked)"
https://glycemic-index.net/images/BfbbSH9czf_small.webp,Kartoffelchips,70,37.0,"Картофельные чипсы","Potato chips"
https://glycemic-index.net/images/huD5FbEjr9_small.webp,Kartoffelmehl (Stärke),95,78.9,"Картофельная мука (крахмал)","Potato flour (starch)"
https://glycemic-index.net/images/5T9Y0CC6bD_small.webp,Kartoffelpüree,83,11.4,"Картофельное пюре","Mashed potatoes"
https://glycemic-index.net/images/pajkDcy7fN_small.webp,Keks,70,34.0,"Печенье","Cookie"
https://glycemic-index.net/images/eA1bA7JfWt_small.webp,Kekse (Gebäck),70,46.2,"Печенье (выпечка)","Cookies (pastry)"
https://glycemic-index.net/images/AcIZXsUwO8_small.webp,Klebreis,90,73.8,"Клейкий рис","Sticky rice"
https://glycemic-index.net/images/FUVHmFdwBd_small.webp,Knödel,86,24.9,"Кнедлики","Dumplings"
https://glycemic-index.net/images/ibu51LJqP8_small.webp,Kondensmilch mit Zucker,80,6.8,"Сгущенное молоко с сахаром","Condensed milk with sugar"
https://glycemic-index.net/images/rw9aSUpj3j_small.webp,Kürbis (gekocht),75,5.3,"Тыква (приготовленная)","Pumpkin (cooked)"
https://glycemic-index.net/images/QRTCr5Hs81_small.webp,Kürbis Kaviar,75,3.6,"Тыквенная икра","Pumpkin caviar"
https://glycemic-index.net/images/F6WYOqPxes_small.webp,Luftreis (analog zu Popcorn),85,76.3,"Воздушный рис (аналог попкорна)","Puffed rice (similar to popcorn)"
https://glycemic-index.net/images/vzZv7xYRqo_small.webp,Lychee (Sirup aus der Dose),79,14.8,"Личи (сироп из банки)","Lychee (syrup from can)"
https://glycemic-index.net/images/9c7MGyNnmB_small.webp,Maismehl,70,53.8,"Кукурузная мука","Cornmeal"
https://glycemic-index.net/images/xGK1LPzM8Y_small.webp,Maismehlbrei (Mamalyga),70,14.7,"Кукурузная каша (мамалыга)","Cornmeal porridge (mamalyga)"
https://glycemic-index.net/images/VJzrDCGQgP_small.webp,Maissirup (dunkel),115,89.2,"Кукурузный сироп (темный)","Corn syrup (dark)"
https://glycemic-index.net/images/COn109xmws_small.webp,Maisstärke,95,80.8,"Кукурузный крахмал","Corn starch"
https://glycemic-index.net/images/4O3iltBCDY_small.webp,Maisstärke,85,72.3,"Кукурузный крахмал","Corn starch"
https://glycemic-index.net/images/74GDlGoEgs_small.webp,Maltodextrin,95,94.0,"Мальтодекстрин","Maltodextrin"
https://glycemic-index.net/images/L8WNIDfAna_small.webp,Matzo (Weißmehl),70,58.8,"Маца (белая мука)","Matzo (white flour)"
https://glycemic-index.net/images/3Y2IIYAa2A_small.webp,Melasse,70,52.5,"Меласса","Molasses"
https://glycemic-index.net/images/1xUDpRImuE_small.webp,Obstriegel (Erdbeere),90,60.8,"Фруктовый батончик (клубника)","Fruit bar (strawberry)"
https://glycemic-index.net/images/PfFpjyCX67_small.webp,Ofenkartoffel,95,20.0,"Печеный картофель","Baked potato"
https://glycemic-index.net/images/uBWy5f1Dky_small.webp,Pastinake,85,15.3,"Пастернак","Parsnip"
https://glycemic-index.net/images/cfhAGI3YFn_small.webp,Pfannkuchen mit Hüttenkäse,70,8.4,"Блины с творогом","Pancakes with cottage cheese"
https://glycemic-index.net/images/ZTVdhnMMjY_small.webp,Platano (gekocht),70,27.4,"Платано (приготовленный)","Platano (cooked)"
https://glycemic-index.net/images/qv7Mku6eZJ_small.webp,Platano (nur gekocht),70,22.4,"Платано (только приготовленный)","Platano (only cooked)"
https://glycemic-index.net/images/Mlh5GfqgHd_small.webp,Pommes frittes,75,22.6,"Картофель фри","French fries"
https://glycemic-index.net/images/01sqMRHCKr_small.webp,Premium Weizenmehl,85,58.6,"Премиальная пшеничная мука","Premium wheat flour"
https://glycemic-index.net/images/NUF1lnAdJl_small.webp,Ravioli (aus Weichweizen),70,20.8,"Равиоли (из мягкой пшеницы)","Ravioli (from soft wheat)"
https://glycemic-index.net/images/Wcub3iN8hK_small.webp,Reisbrei mit Milch (mit Zucker),75,13.6,"Рисовая каша с молоком (с сахаром)","Rice porridge with milk (with sugar)"
https://glycemic-index.net/images/0scaIlEz2Z_small.webp,Reisbrot,70,48.0,"Рисовый хлеб","Rice bread"
https://glycemic-index.net/images/tvcnRnAAr2_small.webp,Reisflocken,80,61.6,"Рисовые хлопья","Rice flakes"
https://glycemic-index.net/images/O1mOJwne6V_small.webp,Reiskekse,85,58.6,"Рисовое печенье","Rice cookies"
https://glycemic-index.net/images/Oe6K3ZDkwz_small.webp,Reiskuchen,85,69.7,"Рисовые лепешки","Rice cakes"
https://glycemic-index.net/images/vqDNTitb75_small.webp,Reismehl,95,76.1,"Рисовая мука","Rice flour"
https://glycemic-index.net/images/6YahKCXm9i_small.webp,Reismilch,85,5.5,"Рисовое молоко","Rice milk"
https://glycemic-index.net/images/jS5TN2lXTh_small.webp,Reissirup,100,77.0,"Рисовый сироп","Rice syrup"
https://glycemic-index.net/images/AKCZL3GXd3_small.webp,Risotto,70,22.1,"Ризотто","Risotto"
https://glycemic-index.net/images/C1Uv9qZg7C_small.webp,"Rutabaga, Futterrüben",70,6.1,"Брюква, кормовая свекла","Rutabaga, fodder beets"
https://glycemic-index.net/images/uHWJIVcRM7_small.webp,"Rübe (gekocht, gekocht)",85,3.9,"Репа (приготовленная, вареная)","Turnip (cooked, boiled)"
https://glycemic-index.net/images/jiG8OjhXWw_small.webp,"Rübe, Rübe (gekocht)",85,5.1,"Репа, репа (приготовленная)","Turnip, turnip (cooked)"
https://glycemic-index.net/images/Yx6702Slmh_small.webp,"Sandwichbrot, weiß",75,39.4,"Сэндвич-хлеб, белый","Sandwich bread, white"
https://glycemic-index.net/images/wthslYkU89_small.webp,Schokoriegel (mit Zucker),70,38.1,"Шоколадный батончик (с сахаром)","Chocolate bar (with sugar)"
https://glycemic-index.net/images/rMI2gltinn_small.webp,"Sellerie (gekocht, ohne Salz)",85,4.0,"Сельдерей (приготовленный, без соли)","Celery (cooked, without salt)"
https://glycemic-index.net/images/Buo1liHtxx_small.webp,Sirup,70,54.8,"Сироп","Syrup"
https://glycemic-index.net/images/dh4BkgP3vI_small.webp,Sorghum,70,46.5,"Сорго","Sorghum"
https://glycemic-index.net/images/zBi6qlNnBV_small.webp,Sportgetränke,75,2.9,"Спортивные напитки","Sports drinks"
https://glycemic-index.net/images/RUwbjuezTD_small.webp,"Süßkartoffel (Batata, Yam)",70,11.1,"Сладкий картофель (Батата, Ям)","Sweet potato (Batata, Yam)"
https://glycemic-index.net/images/eUksdh2pTi_small.webp,Tacos,70,14.0,"Тако","Tacos"
https://glycemic-index.net/images/w4OeMhPDp7_small.webp,Tapioka (getrocknet),85,74.6,"Тапиока (сушеная)","Tapioca (dried)"
https://glycemic-index.net/images/rvUGchFjPr_small.webp,Termine,70,48.4,"Финики","Dates"
https://glycemic-index.net/images/KA0omnjciw_small.webp,Waffeln,75,54.3,"Вафли","Waffles"
https://glycemic-index.net/images/8qDGgIWMAs_small.webp,Wassermelone,75,5.6,"Арбуз","Watermelon"
https://glycemic-index.net/images/Vy2XOOtMlA_small.webp,Weizenbrot,70,34.3,"Пшеничный хлеб","Wheat bread"
https://glycemic-index.net/images/zwQQH8Nxsv_small.webp,"Weizenmehl, weiß (nicht angereichert)",85,62.6,"Пшеничная мука, белая (необогащенная)","Wheat flour, white (not enriched)"
https://glycemic-index.net/images/fA7MrEbvvU_small.webp,Weizensirup,100,78.0,"Пшеничный сироп","Wheat syrup"
https://glycemic-index.net/images/AYB2keTe4N_small.webp,"Weizensirup, Reissirup",100,77.0,"Пшеничный сироп, рисовый сироп","Wheat syrup, rice syrup"
https://glycemic-index.net/images/7glZbxWPcy_small.webp,"Weißbrot ""Baguette""",70,36.0,"Белый хлеб ""Багет""","White bread ""Baguette"""
https://glycemic-index.net/images/IId383BQgI_small.webp,Weißer Reis Standard,70,56.0,"Белый рис стандартный","White rice standard"
https://glycemic-index.net/images/WBtmLBI95R_small.webp,Weißmehlbrot,90,43.9,"Хлеб из белой муки","White flour bread"
https://glycemic-index.net/images/c2cnuHldAk_small.webp,brauner Zucker,70,68.6,"Коричневый сахар","Brown sugar"
